Episode;AvgDrag;AvgLift;AvgRecircArea;EnvNum;EpiReward
1;-0.8257065415382385;-0.0002856848877854645;2.217268705368042;1;0
2;-0.8314985036849976;0.00022933473519515246;2.217268705368042;1;0
3;-0.8314985036849976;0.00022933473519515246;2.217268705368042;1;0
4;-0.7251328776379387;-0.02804411369147476;1.7737955287283584;1;-0.121379256
5;-0.7251328776379387;-0.02804411369147476;1.7737955287283584;1;-0.121379256
6;-0.7251326251582878;-0.028054282063306343;1.773822758970905;1;-0.121379256
7;-0.7252760832309723;-0.031303837184072474;1.75699607963562;1;-0.060689628
8;-0.7251328776379387;-0.02804411369147476;1.7737955287283584;1;-0.121379256
9;-0.7274414177188379;-0.02855359460331756;1.7515102032415881;1;-0.21416402
10;-0.7251326251582878;-0.028054282063306343;1.773822758970905;1;-0.121379256
11;-0.7252755780696869;-0.0313241820624331;1.7570505619049073;1;-0.060689628
12;-0.7252760832309723;-0.031303837184072474;1.75699607963562;1;-0.060689628
13;-0.7251326251582878;-0.028054282063306343;1.773822758970905;1;-0.121379256
14;-0.7252755780696869;-0.0313241820624331;1.7570505619049073;1;-0.060689628
15;-0.7252760832309723;-0.031303837184072474;1.75699607963562;1;-0.060689628
16;-0.7254333004911528;-0.023477198342763076;1.7583115032766943;1;-0.060153298
17;-0.7254333004911528;-0.023477198342763076;1.7583115032766943;1;-0.05989045
18;-0.7254333004911528;-0.023477198342763076;1.7583115032766943;1;-0.060029626
19;-0.7254333004911528;-0.023477198342763076;1.7583115032766943;1;-0.060191415
20;-0.7254333004911528;-0.023477198342763076;1.7583115032766943;1;-0.0598722
21;-0.7254333004911528;-0.023477198342763076;1.7583115032766943;1;-0.060029984
22;-0.7254333004911528;-0.023477198342763076;1.7583115032766943;1;-0.06053756
23;-0.7254333004911528;-0.023477198342763076;1.7583115032766943;1;-0.059853267
24;-0.7254333004911528;-0.023477198342763076;1.7583115032766943;1;-0.059834108
25;-0.7254333004911528;-0.023477198342763076;1.7583115032766943;1;-0.06012627
26;-0.7254333004911528;-0.023477198342763076;1.7583115032766943;1;-0.060405906
27;-0.7254333004911528;-0.023477198342763076;1.7583115032766943;1;-0.060353413
28;-0.7254333004911528;-0.023477198342763076;1.7583115032766943;1;-0.059921775
29;-0.7254333004911528;-0.023477198342763076;1.7583115032766943;1;-0.059812933
30;-0.7254333004911528;-0.023477198342763076;1.7583115032766943;1;-0.05997627
31;-0.7254333004911528;-0.023477198342763076;1.7583115032766943;1;-0.059746727
32;-0.7254333004911528;-0.023477198342763076;1.7583115032766943;1;-0.06024388
33;-0.7254333004911528;-0.023477198342763076;1.7583115032766943;1;-0.06050456
34;-0.7254333004911528;-0.023477198342763076;1.7583115032766943;1;-0.060541615
35;-0.7254333004911528;-0.023477198342763076;1.7583115032766943;1;-0.059813097
36;-0.7254333004911528;-0.023477198342763076;1.7583115032766943;1;-0.06013923
37;-0.7254333004911528;-0.023477198342763076;1.7583115032766943;1;-0.06006385
38;-0.7254333004911528;-0.023477198342763076;1.7583115032766943;1;-0.059906706
39;-0.7254333004911528;-0.023477198342763076;1.7583115032766943;1;-0.05981379
40;-0.7254333004911528;-0.023477198342763076;1.7583115032766943;1;-0.060523152
41;-0.7254333004911528;-0.023477198342763076;1.7583115032766943;1;-0.060169134
42;-0.7254333004911528;-0.023477198342763076;1.7583115032766943;1;-0.05983844
43;-0.7254333004911528;-0.023477198342763076;1.7583115032766943;1;-0.060047865
44;-0.7254333004911528;-0.023477198342763076;1.7583115032766943;1;-0.059940875
45;-0.7254333004911528;-0.023477198342763076;1.7583115032766943;1;-0.05992348
46;-0.7254333004911528;-0.023477198342763076;1.7583115032766943;1;-0.059978824
47;-0.7254333004911528;-0.023477198342763076;1.7583115032766943;1;-0.060046017
48;-0.7254333004911528;-0.023477198342763076;1.7583115032766943;1;-0.059938688
49;-0.7254333004911528;-0.023477198342763076;1.7583115032766943;1;-0.059864007
50;-0.7254333004911528;-0.023477198342763076;1.7583115032766943;1;-0.060235046
51;-0.7254333004911528;-0.023477198342763076;1.7583115032766943;1;-0.059851512
52;-0.7254333004911528;-0.023477198342763076;1.7583115032766943;1;-0.059805635
53;-0.7254333004911528;-0.023477198342763076;1.7583115032766943;1;-0.05974111
54;-0.7254333004911528;-0.023477198342763076;1.7583115032766943;1;-0.060102556
55;-0.7254333004911528;-0.023477198342763076;1.7583115032766943;1;-0.060515128
56;-0.7254333004911528;-0.023477198342763076;1.7583115032766943;1;-0.05993373
57;-0.7254333004911528;-0.023477198342763076;1.7583115032766943;1;-0.06049082
58;-0.7254333004911528;-0.023477198342763076;1.7583115032766943;1;-0.059976682
59;-0.7254333004911528;-0.023477198342763076;1.7583115032766943;1;-0.06014326
60;-0.7254333004911528;-0.023477198342763076;1.7583115032766943;1;-0.059868187
61;-0.7254333004911528;-0.023477198342763076;1.7583115032766943;1;-0.05989091
62;-0.7254333004911528;-0.023477198342763076;1.7583115032766943;1;-0.059965514
63;-0.7254333004911528;-0.023477198342763076;1.7583115032766943;1;-0.060249984
64;-0.7254333004911528;-0.023477198342763076;1.7583115032766943;1;-0.060036004
65;-0.7254333004911528;-0.023477198342763076;1.7583115032766943;1;-0.060074054
66;-0.7254333004911528;-0.023477198342763076;1.7583115032766943;1;-0.059874382
67;-0.7254333004911528;-0.023477198342763076;1.7583115032766943;1;-0.060117222
68;-0.7254333004911528;-0.023477198342763076;1.7583115032766943;1;-0.059935383
69;-0.7254333004911528;-0.023477198342763076;1.7583115032766943;1;-0.06041137
70;-0.7254333004911528;-0.023477198342763076;1.7583115032766943;1;-0.060091972
71;-0.7254333004911528;-0.023477198342763076;1.7583115032766943;1;-0.059780233
72;-0.7254333004911528;-0.023477198342763076;1.7583115032766943;1;-0.05974892
73;-0.7254333004911528;-0.023477198342763076;1.7583115032766943;1;-0.059946433
74;-0.7254333004911528;-0.023477198342763076;1.7583115032766943;1;-0.060264714
75;-0.7254333004911528;-0.023477198342763076;1.7583115032766943;1;-0.060103573
76;-0.7254333004911528;-0.023477198342763076;1.7583115032766943;1;-0.060408354
77;-0.7254333004911528;-0.023477198342763076;1.7583115032766943;1;-0.060745914
78;-0.7254333004911528;-0.023477198342763076;1.7583115032766943;1;-0.05980538
79;-0.7254333004911528;-0.023477198342763076;1.7583115032766943;1;-0.05995745
80;-0.7254333004911528;-0.023477198342763076;1.7583115032766943;1;-0.06014674
81;-0.7254333004911528;-0.023477198342763076;1.7583115032766943;1;-0.059803843
82;-0.7254333004911528;-0.023477198342763076;1.7583115032766943;1;-0.059811965
83;-0.7254333004911528;-0.023477198342763076;1.7583115032766943;1;-0.0597461
84;-0.7254333004911528;-0.023477198342763076;1.7583115032766943;1;-0.05995164
85;-0.7254333004911528;-0.023477198342763076;1.7583115032766943;1;-0.060504876
86;-0.7254333004911528;-0.023477198342763076;1.7583115032766943;1;-0.059863497
87;-0.7254333004911528;-0.023477198342763076;1.7583115032766943;1;-0.059788376
88;-0.7254333004911528;-0.023477198342763076;1.7583115032766943;1;-0.059942055
89;-0.7254333004911528;-0.023477198342763076;1.7583115032766943;1;-0.060044885
90;-0.7254333004911528;-0.023477198342763076;1.7583115032766943;1;-0.06007131
91;-0.7254333004911528;-0.023477198342763076;1.7583115032766943;1;-0.06001258
92;-0.7254333004911528;-0.023477198342763076;1.7583115032766943;1;-0.059885405
93;-0.7254333004911528;-0.023477198342763076;1.7583115032766943;1;-0.060235288
94;-0.7254333004911528;-0.023477198342763076;1.7583115032766943;1;-0.06032785
95;-0.7254333004911528;-0.023477198342763076;1.7583115032766943;1;-0.05978378
96;-0.7254333004911528;-0.023477198342763076;1.7583115032766943;1;-0.059790958
97;-0.700799459633396;0.0002615253000482365;3.0723816440612652;1;0
98;-0.726389467716217;-0.09992542862892151;1.7604976892471313;1;0
99;-0.726389467716217;-0.09992542862892151;1.7604976892471313;1;0
102;-0.726389467716217;-0.09992542862892151;1.7604976892471313;1;0
103;-0.7287457774555872;-0.13155590210642135;1.8166454576310658;1;-0.0072024083
104;-0.729150861028641;-0.1097909626033571;1.82012296858288;1;-0.0077235675
105;-0.7288949839652531;-0.1224059324179377;1.816885721115839;1;-0.007386327
106;-0.7287096816395956;-0.13410340131275236;1.8168904365055145;1;-0.007161349
107;-0.7291960697325449;-0.10782065904802746;1.8207235582291135;1;-0.0077864816
108;-0.7288943841343835;-0.12243948545720842;1.8169169501652793;1;-0.007385552
109;-0.7285130137488955;-0.15346211124034154;1.8170044970890833;1;-0.007035272
112;-0.726389467716217;-0.09992542862892151;1.7604976892471313;1;0
113;-0.7287457774555872;-0.13155590210642135;1.8166454576310658;1;-0.0072024083
114;-0.729150861028641;-0.1097909626033571;1.82012296858288;1;-0.0077235675
117;-0.726389467716217;-0.09992542862892151;1.7604976892471313;1;0
118;-0.7287457774555872;-0.13155590210642135;1.8166454576310658;1;-0.0072024083
119;-0.729150861028641;-0.1097909626033571;1.82012296858288;1;-0.0077235675
120;-0.7288949839652531;-0.1224059324179377;1.816885721115839;1;-0.007386327
121;-0.7287096816395956;-0.13410340131275236;1.8168904365055145;1;-0.007161349
122;-0.7291960697325449;-0.10782065904802746;1.8207235582291135;1;-0.0077864816
123;-0.7288943841343835;-0.12243948545720842;1.8169169501652793;1;-0.007385552
124;-0.726389467716217;-0.09992542862892151;1.7604976892471313;1;0
125;-0.726389467716217;-0.09992542862892151;1.7604976892471313;1;0
126;-0.726389467716217;-0.09992542862892151;1.7604976892471313;1;0
127;-0.726389467716217;-0.09992542862892151;1.7604976892471313;1;0
128;-0.726389467716217;-0.09992542862892151;1.7604976892471313;1;0
129;-0.726389467716217;-0.09992542862892151;1.7604976892471313;1;0
130;-0.726389467716217;-0.09992542862892151;1.7604976892471313;1;0
132;-0.726389467716217;-0.09992542862892151;1.7604976892471313;1;0
134;-0.726389467716217;-0.09992542862892151;1.7604976892471313;1;0
136;-0.726389467716217;-0.09992542862892151;1.7604976892471313;1;0
138;-0.726389467716217;-0.09992542862892151;1.7604976892471313;1;0
139;-0.7278797512054443;0.09388509327769279;1.8519776035308837;1;-0.062143005
140;-0.727876338481903;0.09388627189621329;1.8520315446853637;1;-0.062118284
141;-0.7278794680595398;0.09385846258252858;1.8519836757659913;1;-0.062145256
142;-0.7278807145118713;0.09387776199802757;1.8519771339416504;1;-0.062146705
143;-0.7278824399948121;0.09388584320768714;1.851888611793518;1;-0.0621677
144;-0.7278818388938904;0.09388892402350903;1.8519858215332032;1;-0.062152106
145;-0.7278788091659546;0.09385698121711612;1.8519762886047364;1;-0.062134832
146;-0.7278817793846131;0.09390295944884419;1.8519161369323731;1;-0.062158428
147;-0.7278798774719238;0.09389696129336954;1.8519726535797119;1;-0.06214791
148;-0.7278816904067993;0.09389311730414629;1.851978274154663;1;-0.062155094
149;-0.7278801660537719;0.09393487129285931;1.8519859857559204;1;-0.06214871
151;-0.726389467716217;-0.09992542862892151;1.7604976892471313;1;0
152;-0.7278797512054443;0.09388509327769279;1.8519776035308837;1;-0.062143005
153;-0.7275457328796386;0.09400277385488152;1.8526569276809692;1;-0.059751466
154;-0.7278585745811462;0.09122386382743716;1.8515193294525147;1;-0.06250547
155;-0.7279830808639527;0.09315285544767976;1.8528649862289428;1;-0.0626369
156;-0.7281531468391419;0.09396045900434255;1.8501009548187255;1;-0.06468115
157;-0.7280957069396973;0.09426962136477232;1.852992215538025;1;-0.063166566
158;-0.7277863306999206;0.09107453589700162;1.8525725769042969;1;-0.06135205
159;-0.7280871923446656;0.09567206862270831;1.8509438285827637;1;-0.063713044
160;-0.7278952891349793;0.09507240093499422;1.8509368307113647;1;-0.0627007
161;-0.7280779441833496;0.0946883531615138;1.8510497959136962;1;-0.06342454
162;-0.7279259273529053;0.0988670516371727;1.8515700643539428;1;-0.06283505
163;-0.7279346096038818;0.0995647858530283;1.8503045919418335;1;-0.06302642
164;-0.727974937915802;0.09245349182188511;1.8530589963912965;1;-0.062487666
165;-0.7278320802688598;0.0938468051314354;1.8512091232299805;1;-0.062307626
166;-0.7277674968719482;0.10066828771531582;1.8514232061386109;1;-0.061568398
167;-0.7276698064804077;0.0917371611483395;1.852576843070984;1;-0.06098088
168;-0.7275655762672424;0.0944760937295854;1.8523100580215455;1;-0.06001274
169;-0.7280717701911926;0.09575176221877336;1.8503498636245728;1;-0.06383303
170;-0.7281513244628907;0.0958007628723979;1.8502856466293336;1;-0.064044684
171;-0.7280582072257996;0.09610588494539261;1.851659076309204;1;-0.06299238
172;-0.7278287191390991;0.09388539500012993;1.8525388500213622;1;-0.06157327
173;-0.7277738812446595;0.09522102271653712;1.852623719596863;1;-0.061422143
174;-0.7279383447647094;0.09446106615960598;1.852049577140808;1;-0.06256692
175;-0.7278726854324341;0.09464703434482216;1.852548116874695;1;-0.062366325
176;-0.7278732629776001;0.09421537947393954;1.8522295330047607;1;-0.06177405
177;-0.7282601758003235;0.09986275377720595;1.8501312446594238;1;-0.06469316
178;-0.7277274273872375;0.09451545044332743;1.8525845163345336;1;-0.06110845
179;-0.7278421583175659;0.09678596946448088;1.8499437099456788;1;-0.062176906
180;-0.728213041973114;0.09578658782690763;1.8509621026992797;1;-0.064389914
181;-0.7277405429840088;0.09440702429898083;1.852454973220825;1;-0.061110564
182;-0.7279438346862793;0.09569760202988982;1.8515474285125733;1;-0.062499497
183;-0.7278053281784057;0.09413143531605601;1.8533063461303712;1;-0.061697096
184;-0.7276977108955384;0.09245707145705818;1.853035392189026;1;-0.06099943
185;-0.727803467464447;0.09419640453606844;1.8518573497772217;1;-0.06197234
186;-0.7279204042434693;0.09266809454485773;1.8525268604278564;1;-0.06237415
187;-0.7279429405212402;0.09023381338939071;1.853584241104126;1;-0.062354244
188;-0.728064405632019;0.09581798572093249;1.8513458944320678;1;-0.063141905
189;-0.727861137008667;0.09176287314668298;1.8518833562850952;1;-0.06214673
190;-0.7278785465240478;0.0947446880236268;1.851545979118347;1;-0.062162288
191;-0.7279834174156189;0.09326825081631542;1.8522464599609374;1;-0.06315131
192;-0.7280258235931396;0.09796673355996609;1.8503653604507446;1;-0.06341285
193;-0.727863667678833;0.0949216553799808;1.8511242414474487;1;-0.062304392
194;-0.7277804615974426;0.09138368859030306;1.8522539154052735;1;-0.061846513
195;-0.7281335443496704;0.09440649758726359;1.8505826183319092;1;-0.06418311
196;-0.7281490872383117;0.09608401564955711;1.8493227806091308;1;-0.064695574
197;-0.7278160677909851;0.0960329510986805;1.851906414413452;1;-0.06158465
198;-0.7279499248504638;0.09528919651657343;1.8512574813842773;1;-0.06265391
199;-0.7278130382537842;0.0960168120406568;1.8521695655822754;1;-0.061374802
200;-0.7277769170761108;0.09084347987994551;1.8531525354385376;1;-0.061162688
201;-0.7279787504196167;0.09917746632397174;1.8501840734481811;1;-0.0628725
202;-0.728135069179535;0.09498476940095425;1.8512306657791138;1;-0.06387993
204;-0.726389467716217;-0.09992542862892151;1.7604976892471313;1;0
205;-0.7309275231462844;-0.11929195754705592;1.8196773300779627;1;-0.024436455
206;-0.7308563869050209;-0.11913222260773182;1.8199090177708483;1;-0.024231948
207;-0.7309005342899485;-0.12083289708862914;1.8196427276793947;1;-0.024351185
208;-0.7308785135441638;-0.12031058586658315;1.8189497716883396;1;-0.024348877
209;-0.7309607917324026;-0.12225254533931296;1.8194230021314417;1;-0.02452299
210;-0.7309666405966941;-0.12032388166544285;1.8198951508136505;1;-0.024523007
211;-0.7309711518439841;-0.11997890456559811;1.8199182431748573;1;-0.024539985
212;-0.7309170447765513;-0.12382435541045159;1.8194679953950517;1;-0.024390686
213;-0.7307763825705711;-0.12374005985862398;1.81864580575456;1;-0.024119077
214;-0.7310710381320182;-0.11752122097668495;1.8201286811777886;1;-0.024827417
215;-0.7309828517918892;-0.12102815619808563;1.819196770165829;1;-0.02461031
216;-0.731022040894691;-0.1154390036901261;1.8204051592248551;1;-0.024677843
217;-0.731106993682841;-0.11802974343299866;1.820735401295601;1;-0.024860801
218;-0.7308975584963535;-0.11998172457072329;1.8189213497841612;1;-0.024404297
219;-0.7308753849344051;-0.12022295487212374;1.818962648193887;1;-0.024341548
220;-0.7308004596766006;-0.1220276129451838;1.8188516529316598;1;-0.024128905
221;-0.7309922686916717;-0.11817217368553294;1.8197656464069447;1;-0.024628436
222;-0.7308517196711074;-0.11995052538336591;1.819011853730425;1;-0.024268448
223;-0.7311291796095828;-0.11504344384562462;1.820755750574964;1;-0.024974925
224;-0.7308421978291045;-0.12077340293437877;1.8195697931533164;1;-0.024203306
225;-0.7308762710779271;-0.12093282344334937;1.8189115974497287;1;-0.02434012
226;-0.7310212105512619;-0.11794741459666415;1.820189803204638;1;-0.02467782
227;-0.7310181504234354;-0.11728639952204328;1.8207404892495338;1;-0.024625426
228;-0.730936477475978;-0.11844055203998342;1.819620653669885;1;-0.024475876
229;-0.731041467570244;-0.11846157848993515;1.8210553805878822;1;-0.024661805
230;-0.7310629968947553;-0.11640510327638463;1.8208138004262397;1;-0.024750799
231;-0.7308356422693172;-0.1199555339569107;1.8193493288882234;1;-0.024201922
232;-0.7309864990888758;-0.11700971947705492;1.8199504677285538;1;-0.02461125
233;-0.730941208119088;-0.11982462301533273;1.8196714736045676;1;-0.024479387
234;-0.7309127218545751;-0.1192292295237805;1.8201086007534188;1;-0.024368957
235;-0.7308918504004783;-0.12284705942457026;1.8187295832532517;1;-0.024373293
236;-0.7310315592491881;-0.11582164311821157;1.8205455820611183;1;-0.024690637
237;-0.7310172890095;-0.11792435156221086;1.8198411477373002;1;-0.024700038
238;-0.730874961995064;-0.11926942786320727;1.8190138980429222;1;-0.024344858
239;-0.7309131622314453;-0.12119187418609223;1.8191411051344364;1;-0.024410589
240;-0.7308765063260464;-0.11933043634796396;1.8195191051097626;1;-0.024310261
241;-0.7309271182785643;-0.11987086651014521;1.819326382368169;1;-0.024455149
242;-0.7309983559745423;-0.11930112128562116;1.8204123859709882;1;-0.02458227
243;-0.7308531774485365;-0.12047729129962464;1.818929818716455;1;-0.024271775
244;-0.7309695494935867;-0.11717402439643727;1.8199928555082767;1;-0.024562322
245;-0.7308807135262387;-0.12026424884320573;1.81947671733004;1;-0.024314824
246;-0.7309806749541709;-0.11713516228693596;1.8200253520874268;1;-0.02457716
247;-0.7309884340205091;-0.11718682508836402;1.8205573489057256;1;-0.024556432
248;-0.730886126452304;-0.12090828396538471;1.8190189460490613;1;-0.024335023
249;-0.730904591527391;-0.11973162054857041;1.8189279379996848;1;-0.024427883
250;-0.7308815815981399;-0.11920864773081973;1.8199682286445131;1;-0.024298515
251;-0.730927660744241;-0.1208971656383352;1.819446306279365;1;-0.024434598
252;-0.7310226540616218;-0.11940861628093619;1.8203177585246715;1;-0.024658378
253;-0.7309231330105599;-0.11955450820003419;1.8202031768382865;1;-0.024395823
254;-0.7308155184096479;-0.11920858689762176;1.8192351137069946;1;-0.024169136
256;-0.726389467716217;-0.09992542862892151;1.7604976892471313;1;0
258;-0.726389467716217;-0.09992542862892151;1.7604976892471313;1;0
259;-0.7389596564769745;0.0660842340041534;1.9070940497016906;1;-5.436488
260;-0.7396724502563476;0.07225487606094758;1.9283622223854064;1;-6.21147
261;-0.7391491412639618;0.08485070231370337;1.9062680570220947;1;-5.5576854
262;-0.7350442819786072;0.053811750914388105;2.017602966003418;1;-6.186892
263;-0.7322248603630066;0.05876887437268975;2.021614045200348;1;-5.0643997
264;-0.7592881655216217;0.04777981710173306;1.6147449986076354;1;-6.5272107
265;-0.754579850025177;0.07897354350089299;1.7004183333969116;1;-7.4028454
266;-0.7334877196979522;0.06699898828226142;2.0065730133628845;1;-4.951513
267;-0.7343605317115783;0.066941876973474;2.0353482983779907;1;-5.6798644
268;-0.7351244033622741;0.07368076316379941;1.9905677131462096;1;-6.2023025
269;-0.748502148771286;0.06783004943577922;1.7972103797340393;1;-6.934898
270;-0.7400645452785491;0.06660420065741171;1.8852652939224244;1;-5.928019
271;-0.7502203238773346;0.07657668176337844;1.7943534283065796;1;-7.284949
272;-0.7303184089565277;0.07571095321624016;2.1539808521461485;1;-5.635624
273;-0.7391592489147186;0.07045572438022646;1.9090347318458558;1;-6.401133
274;-0.7406844356632233;0.07257000644906599;1.9195303286361693;1;-6.2539873
275;-0.7318858652210236;0.07521445488792669;2.036378896751404;1;-4.9772806
276;-0.754595186624527;0.0780707370012696;1.7653459518814087;1;-7.2655826
277;-0.7497161536026001;0.06094609776265221;1.724818517856598;1;-6.3848066
278;-0.7349236164093017;0.09224420023553241;1.977429596309662;1;-5.277978
279;-0.732541994934082;0.0705611058185358;2.044283770618439;1;-5.705846
280;-0.7397029550647736;0.06878173157884244;1.8745302321624755;1;-5.4501867
281;-0.7357157322883606;0.07992132400884133;1.972610874195099;1;-5.9228477
282;-0.7408083280372619;0.053271064798440786;1.9198336965179443;1;-6.5555525
283;-0.7390577140140533;0.04074632513517456;1.9459436440086364;1;-6.5211406
284;-0.7579966138458252;0.07798196224202053;1.6844545066070558;1;-7.419993
285;-0.7286538463401795;0.09080683070391213;2.139359617137909;1;-4.978033
286;-0.7322456480503082;0.07879025110500719;2.0818112635040285;1;-5.929476
287;-0.7616497633457184;0.058407426636670715;1.620082433128357;1;-7.2935557
288;-0.7374654765892029;0.08085933343120182;1.9580576152420044;1;-6.0534787
289;-0.7413707123947143;0.060253519617860726;1.8579969394874574;1;-5.561321
290;-0.749745484342575;0.050192527983454055;1.6889292961883544;1;-5.934746
291;-0.749969141921997;0.08184828631249548;1.7834839153289794;1;-6.823351
292;-0.7267257304763793;0.056251997911537184;2.184606586589813;1;-5.074116
293;-0.7417418552684784;0.08555031839885051;1.840734045753479;1;-6.0631557
294;-0.7298515238952636;0.06971656944031478;2.1470119866561888;1;-5.20861
295;-0.7520000559997558;0.06000747335671447;1.7351232591056824;1;-7.345518
296;-0.7375510177326202;0.05807536177722737;1.9452002288627626;1;-5.6058054
297;-0.7500547936916351;0.07866388954524707;1.7484449258232118;1;-7.019092
298;-0.7356567436790467;0.05952145291194582;1.962833997859955;1;-5.8078675
299;-0.7340677135944367;0.07324469547708636;2.034325186500549;1;-6.395359
300;-0.733951845445633;0.09014067115183076;2.007722723083496;1;-5.45059
301;-0.7297099582004547;0.06370098150610684;2.1138647619247437;1;-5.3658843
302;-0.7396422201824189;0.06289596336147922;1.9111464149093629;1;-5.7737675
303;-0.7264902340698243;0.08549792676085265;2.1910380144309998;1;-5.8332953
304;-0.7584290130233765;0.041933785169986366;1.6699551565361024;1;-6.7993145
305;-0.7433122774314881;0.0910641851175209;1.8565794214057922;1;-5.872937
306;-0.7372726852703094;0.09969550387957789;1.9796661499977113;1;-5.9777303
307;-0.744480403995514;0.0687978673419499;1.851074121608734;1;-7.0184746
308;-0.7468428412723541;0.07339978120980843;1.7649243554496765;1;-6.0941
309;-0.7381390893745422;0.07074550385227871;1.9508841031455995;1;-5.8504753
310;-0.7423203037166596;0.07203367366783321;1.902398720703125;1;-6.289046
311;-0.7331710582542419;0.06093464130970286;2.042789828968048;1;-5.6243253
312;-0.7383178494644165;0.05928259011090733;1.915628199863434;1;-5.700001
313;-0.7501092376995087;0.050205674589127156;1.7858487068748474;1;-6.926747
314;-0.7502032402038574;0.08761270760485437;1.7579415220069885;1;-6.6624227
315;-0.7424159823703765;0.08237348987104487;1.8666081089782716;1;-6.71732
316;-0.7407419817256927;0.04277338259342126;1.914095195827484;1;-6.3039756
317;-0.7567236518192291;0.05685754831540166;1.6936399221801757;1;-6.9502325
318;-0.736916396188736;0.04967412647005578;2.0339605452728273;1;-5.947806
319;-0.7435930059242248;0.06394189112475826;1.8103324185562133;1;-5.721021
320;-0.7431216392993927;0.07109973941273084;1.920842817840576;1;-6.1493964
321;-0.7395957779884338;0.06669063958266983;1.8936999392509462;1;-5.882059
322;-0.7455776171779632;0.041172627296574935;1.808116526260376;1;-5.7651067
323;-0.7297881773376464;0.059081939327631845;2.109424851360321;1;-5.7980065
324;-0.7416065254497528;0.05869564671396976;1.8790408646583556;1;-5.914661
325;-0.7339119008636474;0.06594368706398411;2.0098848826789855;1;-5.854656
326;-0.7362531027698517;0.07346755643793702;1.9856185237693786;1;-6.683486
327;-0.7376145457363129;0.07168976638783352;1.9972686211967468;1;-6.2748055
328;-0.7296268015289307;0.06487446501131681;2.1524182990837097;1;-5.365182
329;-0.7411637100696564;0.05782493644391245;1.891889731235504;1;-5.566222
330;-0.7373832167720795;0.04042658530654852;1.953538196926117;1;-4.613515
331;-0.7362767334556579;0.06475273354300065;1.9708734088897706;1;-5.7936096
332;-0.7339368065547943;0.046591046500385855;2.0336672115516663;1;-5.4407883
333;-0.7446966932487488;0.06057630010573426;1.837612774810791;1;-6.2405496
334;-0.7430457923030853;0.03698145118376691;1.8098687623786927;1;-5.303529
335;-0.7450939219093323;0.061850489044394344;1.8557658176994323;1;-6.5350075
336;-0.7430330549716949;0.08549855494149262;1.885210175628662;1;-6.670911
337;-0.7452966510295868;0.07082259411155363;1.8250211814308166;1;-6.785772
338;-0.746212053155899;0.06352556087040828;1.7875574835014343;1;-6.0298004
339;-0.7311122604370117;0.0776116630411903;2.0736697547340395;1;-5.313926
340;-0.7452114327526093;0.06264692769927148;1.8334161833763123;1;-7.1798997
341;-0.7291200268268585;0.05102827371362349;2.0908753937530515;1;-5.1183085
342;-0.7471536883354187;0.056010572047772586;1.7741340886116028;1;-5.9450345
343;-0.7333899075603485;0.09111222039647167;2.0339988580703734;1;-6.1166077
344;-0.7279794123649597;0.07761368013693719;2.1108099901008606;1;-5.1424966
345;-0.7453492009925843;0.07149278653444431;1.7960253327560425;1;-6.2308874
346;-0.746377748708725;0.04120854893143754;1.7972142735862733;1;-6.561129
347;-0.7372189087295532;0.058588569451565854;1.96002381193161;1;-5.8043933
348;-0.7470328642272949;0.05087042432619331;1.788175034713745;1;-6.7691207
349;-0.7444882754135131;0.07280248374187519;1.846729538936615;1;-6.178846
350;-0.7429543883895874;0.06895187075548107;1.890403604774475;1;-6.075922
351;-0.7279351959037781;0.07766058537784076;2.182540919857025;1;-6.2532787
352;-0.7305312078475952;0.08849932387070789;2.112409732570648;1;-6.024112
353;-0.7300834667491913;0.03565551291815908;2.0786424933815004;1;-5.465893
354;-0.748723718214035;0.04039724652468227;1.7487209325027466;1;-6.545582
355;-0.7215594604682922;0.04616497191140515;2.274642727394104;1;-4.566102
356;-0.7340886106777191;0.08910851864505007;2.045562773761749;1;-5.334089
357;-0.743912534160614;0.07704248322497763;1.809572297153473;1;-6.9875402
358;-0.7405312972354889;0.057253963294561255;1.871346130104065;1;-6.0055637
359;-0.7488259846019745;0.06212368587289093;1.7460475804138185;1;-6.2833495
360;-0.7394812256622314;0.05449125974251736;1.9138911159133911;1;-5.5792007
361;-0.7247885357189179;0.037920100728562105;2.1903863511276245;1;-4.7966876
362;-0.7362542080783844;0.08363617754768697;1.9967172400283812;1;-5.8490124
363;-0.7409455253505707;0.07649345065020316;1.8813081141471863;1;-5.8612413
364;-0.7428363328933716;0.051485944221071146;1.8863762313461303;1;-6.1709642
365;-0.746890958738327;0.08733087728549085;1.7874619675827026;1;-6.810043
366;-0.7310588184452057;0.05629099938105268;2.036351265048981;1;-5.067458
367;-0.7342850183391572;0.05406183540429265;2.016346624717712;1;-5.95217
368;-0.74018536154747;0.04542768189616116;1.9138296946334838;1;-6.4710164
369;-0.7480696969985962;0.061601049024787496;1.8331282093429566;1;-7.374138
370;-0.7410145816421508;0.05526386410265026;1.908514254322052;1;-5.9986835
371;-0.7421503454971313;0.06947313333755403;1.8584223395729065;1;-6.25684
372;-0.7252524411964416;0.07598373130054112;2.2027891908073425;1;-5.092069
373;-0.7331017312812805;0.04750340497909085;1.9998180097961427;1;-5.049769
374;-0.753001874370575;0.06249026857285877;1.754719974308014;1;-7.9539504
375;-0.7554631457328796;0.04453611944256816;1.6795606106567382;1;-7.774123
376;-0.7360075455665588;0.06614207085006171;1.9798812290382386;1;-6.282871
377;-0.7525909008026123;0.06417297105981386;1.6816137895965577;1;-6.52684
378;-0.7415075375652314;0.0709241588381317;1.8922272690010071;1;-5.801689
379;-0.7386587179470062;0.07865090231836715;1.9761559177207946;1;-6.5397177
380;-0.752053194103241;0.06957513222533977;1.7502080736923218;1;-7.4157434
381;-0.7429363830471039;0.0818091377033005;1.8648104565429688;1;-6.343671
382;-0.738043974647522;0.07585495815519651;1.9644956599617005;1;-5.567376
383;-0.73523768034935;0.05478414061076997;1.9766911825752258;1;-5.642605
384;-0.7447077979660034;0.07284674167112666;1.815544023952484;1;-6.3552523
385;-0.752709351348877;0.0755853741060826;1.7536307301521301;1;-6.803847
386;-0.746783836812973;0.07033485573758509;1.7911496447372437;1;-6.2060747
387;-0.7284651984977722;0.0561378058732421;2.109991820716858;1;-4.9068327
388;-0.7441722323608398;0.09298197972654423;1.8713752194976807;1;-6.805875
389;-0.7422455042743683;0.12348452566994819;1.886561567325592;1;-6.3866625
390;-0.7287948260307312;0.04564970162887941;2.15246148771286;1;-5.565691
391;-0.7380102642917633;0.07573294646211914;1.9587203463554381;1;-5.8256855
392;-0.747869792060852;0.04936505179526808;1.731134435634613;1;-6.084812
393;-0.744557910270691;0.08604359391605365;1.8707272514915467;1;-6.8449154
394;-0.7501927841091156;0.07874060274400341;1.7593776267051697;1;-6.7941747
395;-0.7384349656295777;0.07173115590431203;1.8943782449150086;1;-5.873829
396;-0.7529326344299316;0.06308078937236045;1.8092839139175414;1;-7.365179
397;-0.7346481751632691;0.058029904780408835;1.9636685906791687;1;-5.166063
398;-0.7417912260437012;0.05295185229209907;1.8859468336677552;1;-6.2942314
399;-0.7386472542381287;0.050213741079185276;1.9161543123054505;1;-5.869934
400;-0.754960846824646;0.07528149052097143;1.7015140898132324;1;-7.3022304
401;-0.7550047287368774;0.07695972966698329;1.701935626449585;1;-6.788986
402;-0.7325688985729217;0.07434872756351077;2.021043572368622;1;-5.5244107
403;-0.7335100176620484;0.06433558830036083;2.073175683193207;1;-5.9619985
404;-0.7402272024250031;0.05785304571076646;1.9144424943733216;1;-5.811055
405;-0.7284033369922638;0.06135364203002711;2.11852105550766;1;-5.430654
406;-0.7554890887928009;0.06691327077387381;1.6906560867881775;1;-7.403009
407;-0.7412757529067994;0.04372390188782243;1.8402019779014587;1;-5.800229
408;-0.7378607525062562;0.06416378054539819;1.9103881009864807;1;-5.2323537
410;-0.726389467716217;-0.09992542862892151;1.7604976892471313;1;0
411;-0.7351802238225937;0.09220402665063739;1.904967853307724;1;-3.1130934
412;-0.7358243383169174;0.08134275959804654;1.9122405023574829;1;-3.4726672
413;-0.7361136394739151;0.11964573093876242;1.903729201555252;1;-3.1877859
414;-0.7373220547437668;0.0930595279717818;1.916649277448654;1;-3.8645349
415;-0.734924676656723;0.0803048839122057;1.903998859167099;1;-3.1728318
416;-0.7350943058729171;0.09163570061337668;1.9020053687095642;1;-2.9872255
417;-0.7371206941604614;0.1075842574313283;1.9119021875858306;1;-3.8207695
418;-0.7346877375841141;0.07987263956665992;1.903815241098404;1;-2.98314
419;-0.7378004295825958;0.08804327667877078;1.9078450560569764;1;-3.5170522
420;-0.7357187315225601;0.09353841860522516;1.9065195515155793;1;-3.3963952
421;-0.7369909374713898;0.09596150648593903;1.9123330035209656;1;-3.7381966
422;-0.7354872210025787;0.09023149933293462;1.9069134163856507;1;-3.297054
423;-0.7375383948087693;0.10987413705445942;1.9166839094161987;1;-3.8375208
424;-0.7355739657878876;0.08530160924023948;1.9172349789142609;1;-3.3800156
425;-0.73614865899086;0.092653101737611;1.909666852235794;1;-3.5527232
426;-0.736636995434761;0.0807631912679135;1.9094839625358582;1;-3.4592202
427;-0.7349246040582657;0.08969478042051196;1.9087409362792969;1;-3.1459157
428;-0.7369433931112289;0.10791299892775714;1.9158669347763062;1;-3.6065848
429;-0.7359233099222183;0.09741109374212101;1.9040136291980743;1;-3.1782007
430;-0.7351174932718277;0.0950590599477291;1.908579238653183;1;-3.303632
431;-0.7373501292467117;0.11910640573129058;1.9052012765407562;1;-3.5567343
432;-0.7353322310447693;0.07634194725332781;1.9067789664268493;1;-3.0125365
433;-0.7349538732767105;0.09620526878954842;1.9115041382312774;1;-3.2862246
434;-0.7357121700048447;0.07836131080891937;1.9156029856204986;1;-3.3870733
435;-0.736185591340065;0.077869045851985;1.9167962374687195;1;-3.5177906
436;-0.7361551483869553;0.08940619531832636;1.9121832046508789;1;-3.6400595
437;-0.7363453612327576;0.09653883607685566;1.9100662455558777;1;-3.2451832
438;-0.7367707290649415;0.09877235551550985;1.9129939792156219;1;-3.5019493
439;-0.7361335704326629;0.0897191894929856;1.9183600039482116;1;-3.4366632
440;-0.7354239729642869;0.10172058977822598;1.9115536360740661;1;-3.3636396
441;-0.7344526201486588;0.09875537238549441;1.9048787865638732;1;-3.0908816
442;-0.7346732386350632;0.08837935995377484;1.9001779987812042;1;-2.976831
443;-0.7371437638998032;0.1198358429595828;1.9111712346076966;1;-3.7863677
444;-0.7358086739778519;0.09015000602137298;1.91275425696373;1;-3.4112601
445;-0.7343081181049347;0.1067291687070392;1.9061615810394288;1;-3.1978917
446;-0.7354505753517151;0.07864245101250708;1.9132251365184785;1;-3.403452
447;-0.7361752952337265;0.10465560033917427;1.9157448568344115;1;-3.5700788
448;-0.7345376070737839;0.08388839407265186;1.9107672903537751;1;-3.1064284
449;-0.7373196538686753;0.1020905749660451;1.9121082139015197;1;-3.6922138
450;-0.7348128499984741;0.08796869227220304;1.9063867313861846;1;-3.4138248
451;-0.7373835742473602;0.10760065853991546;1.9090991122722625;1;-3.7771966
452;-0.7350999004840851;0.09815692556998692;1.9109280033111573;1;-3.1682446
453;-0.7360058701038361;0.07944737327843905;1.9131507227420808;1;-3.209132
454;-0.7361325048208237;0.10404562296718359;1.9056193509101869;1;-3.1212778
455;-0.7370321807861329;0.10195541837986093;1.9117451901435851;1;-3.8741167
456;-0.7360889353752136;0.08793945889174938;1.9075373139381409;1;-3.2088444
457;-0.7352124782800674;0.11105212421226315;1.9042640008926393;1;-3.2135475
458;-0.7378515028953552;0.12306413937360049;1.9102108974456786;1;-3.5960388
459;-0.7376553152799606;0.10252682334184647;1.9150445911884308;1;-3.8481576
460;-0.7344546667337417;0.1129576563835144;1.9065261554718018;1;-3.2544916
461;-0.7371191754341125;0.10240708164335229;1.9108997118473052;1;-3.5665123
462;-0.7376024017333984;0.11148022027872503;1.9101508297920227;1;-3.6634128
463;-0.736386482000351;0.086483453117311;1.9075584506988525;1;-3.4567873
464;-0.7352045993804932;0.09770751698681761;1.9045211849212647;1;-3.1461327
465;-0.7363474774360657;0.06408673318289221;1.91061913728714;1;-3.6991336
466;-0.736319935798645;0.11191686004726216;1.9148293480873109;1;-3.4731271
467;-0.7354549235105514;0.11214056238532066;1.911456164598465;1;-3.7418413
468;-0.7362382863759994;0.08586731447093189;1.9084964573383332;1;-3.4569194
469;-0.7373365471363068;0.08955072737950831;1.9063289132118224;1;-3.4512029
470;-0.7364795566797256;0.08455137967542396;1.914329887866974;1;-3.5177155
471;-0.7349729976654052;0.08180986255407334;1.9060444476604461;1;-3.0450578
472;-0.7368799291849136;0.1105965894907713;1.9123308763504028;1;-3.4665942
473;-0.7361369272470474;0.09120186350401491;1.9122543520927429;1;-3.3847816
474;-0.7357323763370514;0.08529464960098267;1.9109311311244965;1;-3.2031798
475;-0.7355838805437088;0.08410374813168892;1.9100426440238953;1;-3.479025
476;-0.7353233025074005;0.08517768441027147;1.9053442671298981;1;-3.2684882
477;-0.7373794717788696;0.09686277411133051;1.9095351779460907;1;-3.6581059
478;-0.7368543434143067;0.10379879431799054;1.9144982919692992;1;-3.8370202
479;-0.7364059731960296;0.09749654464330525;1.911392848968506;1;-3.5056176
480;-0.7358482820987702;0.07231885555759072;1.9148062536716461;1;-3.4072893
481;-0.7352383373975754;0.09862423840910196;1.9095439658164979;1;-3.1730285
482;-0.7347908341884613;0.07542174782138318;1.906195479631424;1;-2.7330432
483;-0.7354066801071167;0.09161150765419006;1.9048609147071838;1;-3.2683456
484;-0.7356730854511261;0.08233362762071192;1.9078372538089752;1;-3.422356
485;-0.7360729076862336;0.08929215667769314;1.9112627866268157;1;-3.370598
486;-0.7345001301765441;0.05713807797431946;1.90859738945961;1;-2.8601956
487;-0.7353130173683167;0.06152807935327292;1.9161209664344787;1;-3.4468637
488;-0.7375412018299102;0.09069606440421193;1.9132922828197478;1;-3.950439
489;-0.7367429953813552;0.09930515684559942;1.9098724088668824;1;-3.763106
490;-0.735269380569458;0.08254475229233503;1.9064592974185943;1;-2.9243715
491;-0.7364598622322083;0.07745955852442421;1.910957622051239;1;-3.3174086
492;-0.7363722461462021;0.08093720696121454;1.9119334647655486;1;-3.4512365
493;-0.7344973732233048;0.07791385733149946;1.906990038394928;1;-2.9950895
494;-0.7351526436805725;0.08166463598562404;1.9121820695400238;1;-3.4083893
495;-0.7354083647727966;0.11087505040504038;1.9117347736358643;1;-3.609651
496;-0.7346830320358276;0.10490693880617619;1.9029074022769927;1;-3.251915
497;-0.7357268184423447;0.11092629977315664;1.900792886018753;1;-3.274429
498;-0.7356553789377213;0.06625180691387504;1.9096769316196442;1;-3.374746
499;-0.7370360054969788;0.09019464006461203;1.9076294147968291;1;-3.2415605
500;-0.7367888559103012;0.08201041119266302;1.913458396911621;1;-3.2998314
501;-0.7360210239887237;0.0958576673080097;1.9124616556167602;1;-3.4149535
502;-0.7372832818031311;0.09833634120970965;1.9130271384716033;1;-3.6136112
503;-0.7373216332197189;0.11036652692221105;1.9075278513431548;1;-3.9655187
504;-0.7367515081167221;0.11024969252198935;1.9063234207630158;1;-3.7498477
505;-0.7340974761247635;0.06740261909365654;1.9050204515457154;1;-3.065816
506;-0.7348788859844207;0.0779259557131445;1.9095032601356505;1;-3.3334007
507;-0.7341875594854355;0.06051139675732702;1.9116157274246215;1;-3.0364335
508;-0.7370248559713364;0.0883634467869997;1.9207959644794463;1;-3.670893
509;-0.7365471040010452;0.12287864570878446;1.9047198412418365;1;-3.4159253
510;-0.7349695086479187;0.06459782250551507;1.9083730309009552;1;-3.1545396
511;-0.7349472622871399;0.08920581563189625;1.904580465078354;1;-2.9226599
512;-0.7359769241809845;0.08161781354248523;1.910430511713028;1;-3.1196656
513;-0.7358672351837158;0.08447953003144357;1.9056369540691376;1;-3.1748097
514;-0.7354632185697556;0.09037070423364639;1.9121626281738282;1;-3.3219564
515;-0.7358189492225647;0.09940424116607756;1.90730371260643;1;-3.331828
516;-0.7358726211786271;0.0689297738778405;1.9145480313301086;1;-3.2404933
517;-0.7367666397094726;0.10258721922780387;1.9099423005580902;1;-3.7792614
518;-0.7339897866249084;0.0761961168795824;1.9094871282577515;1;-3.221621
519;-0.736232950091362;0.09634078326076269;1.9078615701198578;1;-3.6344256
520;-0.7355369447469712;0.08331589341908693;1.9131476221084596;1;-3.422915
521;-0.7369913725852967;0.09266455631703138;1.9198931510448456;1;-3.7922392
522;-0.7361252572536469;0.10869873867131537;1.9076700797080994;1;-3.4575002
523;-0.7350607546567917;0.10274160125479102;1.9117169091701507;1;-3.3957164
524;-0.7361624841690063;0.10024468775093555;1.9092574715614319;1;-3.4942536
525;-0.7352738382816315;0.08359394028375391;1.9053424878120422;1;-3.1352851
526;-0.7379341332912445;0.0914995066872798;1.920073703765869;1;-4.044963
527;-0.7380043067932129;0.0704212151353713;1.908808568239212;1;-3.8347762
528;-0.7356384669542313;0.08314039675891399;1.9180987858772278;1;-3.5007381
529;-0.7363241438865662;0.09628363320836797;1.9095461468696595;1;-3.1249154
530;-0.7353489110469819;0.09218169636279344;1.9116336228847504;1;-3.2177258
531;-0.7378686763048172;0.10233054282143712;1.9164907927513122;1;-3.823787
532;-0.7373178372383118;0.0854622600711882;1.9136946160793304;1;-3.6174345
533;-0.7366839201450348;0.10948446097550914;1.9077198433876037;1;-3.6978934
534;-0.7355733886957169;0.0890887987613678;1.9092953836917876;1;-3.2970853
535;-0.7351401562690735;0.08520866993372328;1.9071694378852844;1;-3.2568514
536;-0.7351273384094238;0.09269375435635448;1.9051461961269378;1;-3.203221
537;-0.7373750479221344;0.10972340020537376;1.9065185391902923;1;-3.7407227
538;-0.7358459506034851;0.09255455434927717;1.9096204733848572;1;-3.2118278
539;-0.7358925896883011;0.12505252607539297;1.9014186820983887;1;-3.278063
540;-0.7373900141716003;0.09852694789972156;1.913293568611145;1;-3.6999795
541;-0.7363362572193146;0.13436780910636298;1.908114982843399;1;-3.4930456
542;-0.7373347600698471;0.08667109585553408;1.912854612827301;1;-3.665711
543;-0.7362806578874588;0.09131845221202821;1.9085171556472778;1;-3.4841201
544;-0.735408286690712;0.08798288547573611;1.901249475955963;1;-3.2241614
545;-0.7356204831600189;0.09492999466694892;1.908872201681137;1;-3.4593089
546;-0.7358208740949631;0.10127922163903713;1.9082690453529358;1;-3.3177094
547;-0.7347149218320846;0.09869927266426384;1.9047593586444855;1;-3.1064017
548;-0.7389863232374191;0.11331139678694307;1.916283094882965;1;-3.9257665
549;-0.7349098343849182;0.07526786213368178;1.904858721256256;1;-3.1492836
550;-0.7369766192436218;0.08628168151155115;1.9144362182617187;1;-3.4231532
551;-0.7364746791124344;0.09383391182729975;1.9034957101345062;1;-3.3291345
552;-0.7360472704172134;0.1087286966163665;1.9065597851276397;1;-3.5524168
553;-0.736288158416748;0.10450985858822241;1.9151512715816499;1;-3.4373107
554;-0.7344320323467255;0.09623844760563224;1.9069304611682891;1;-3.2364824
555;-0.7369452975988388;0.08568017976405098;1.9133090949058533;1;-3.7276642
556;-0.7357381089925766;0.08589828869001939;1.9124591591358184;1;-3.1200852
557;-0.7360365316867828;0.09846415074169636;1.913624669790268;1;-3.2756114
558;-0.7359406833648682;0.09498019829159603;1.910915384054184;1;-3.5068936
559;-0.7353241227865219;0.08713584433030337;1.9032114624977112;1;-3.29262
560;-0.7349740896224976;0.10927301082154736;1.9055785672664642;1;-2.9358459
562;-0.726389467716217;-0.09992542862892151;1.7604976892471313;1;0
564;-0.726389467716217;-0.09992542862892151;1.7604976892471313;1;0
